PINCODE,CITY
380007,ahmedabad
380001,ahmedabad
382140,ahmedabad
192233,ahmedabad
261201,ahmedabad
380015,ahmedabad
380004,ahmedabad
380003,ahmedabad
380050,ahmedabad
380009,ahmedabad
380027,ahmedabad
380019,ahmedabad
380013,ahmedabad
382345,ahmedabad
382130,ahmedabad
382425,ahmedabad
414002,ahmednagar
414005,ahmednagar
414305,ahmednagar
413702,ahmednagar
414503,ahmednagar
414103,ahmednagar
413201,ahmednagar
414402,ahmednagar
413204,ahmednagar
414113,ahmednagar
413728,ahmednagar
414401,ahmednagar
414501,ahmednagar
413205,ahmednagar
414306,ahmednagar
414302,ahmednagar
414102,ahmednagar
414403,ahmednagar
414502,ahmednagar
413701,ahmednagar
413726,ahmednagar
414105,ahmednagar
414301,ahmednagar
414304,ahmednagar
414106,ahmednagar
414602,ahmednagar
413704,ahmednagar
413703,ahmednagar
414505,ahmednagar
422601,ahmednagar
413714,ahmednagar
413737,ahmednagar
422602,ahmednagar
413723,ahmednagar
423604,ahmednagar
422603,ahmednagar
422620,ahmednagar
413717,ahmednagar
413710,ahmednagar
423602,ahmednagar
423601,ahmednagar
422610,ahmednagar
414604,ahmednagar
413736,ahmednagar
422611,ahmednagar
414603,ahmednagar
413721,ahmednagar
423107,ahmednagar
413706,ahmednagar
413705,ahmednagar
422604,ahmednagar
413708,ahmednagar
422622,ahmednagar
422605,ahmednagar
423603,ahmednagar
423109,ahmednagar
413725,ahmednagar
413720,ahmednagar
413739,ahmednagar
414001,ahmednagar
414606,ahmednagar
414201,ahmednagar
414303,ahmednagar
414111,ahmednagar
414110,ahmednagar
413712,ahmednagar
413722,ahmednagar
413711,ahmednagar
414701,ahmednagar
414006,ahmednagar
413738,ahmednagar
423607,ahmednagar
413718,ahmednagar
423605,ahmednagar
414504,ahmednagar
414607,ahmednagar
413713,ahmednagar
413707,ahmednagar
414601,ahmednagar
414101,ahmednagar
413715,ahmednagar
413716,ahmednagar
413719,ahmednagar
414609,ahmednagar
414605,ahmednagar
413709,ahmednagar
422608,ahmednagar
414003,ahmednagar
533294,akola
784182,akola
444101,akola
444511,akola
444302,akola
444401,akola
444102,akola
444004,akola
444103,akola
444104,akola
444405,akola
444106,akola
444107,akola
444311,akola
444501,akola
444407,akola
444003,akola
444006,akola
444108,akola
444109,akola
481115,akola
431202,akola
311603,akola
312027,akola
313604,akola
444007,akola
606904,akola
283102,akola
825407,akola
413307,akola
444126,akola
444002,akola
444111,akola
606704,akola
607802,akola
722150,akola
312205,akola
711322,akola
516401,akola
413511,akola
444117,akola
444502,akola
444001,akola
534406,akola
570010,akola
828142,akola
444005,akola
676508,akola
445109,akola
577536,akola
444801,akola
466554,akola
464668,akola
431208,akola
621715,akola
571311,akola
673317,akola
600058,ambattur
600053,ambattur
444602,amravati
444701,amravati
444904,amravati
444709,amravati
444902,amravati
444908,amravati
444802,amravati
444711,amravati
444905,amravati
444708,amravati
444915,amravati
444804,amravati
444903,amravati
444906,amravati
444806,amravati
444705,amravati
444720,amravati
444704,amravati
444807,amravati
444803,amravati
444717,amravati
444702,amravati
444719,amravati
444808,amravati
444813,amravati
444723,amravati
444706,amravati
444601,amravati
444603,amravati
444604,amravati
444805,amravati
444810,amravati
497223,amravati
444901,amravati
444707,amravati
444809,amravati
444710,amravati
134105,amravati
444907,amravati
444606,amravati
444607,amravati
445101,amravati
444605,amravati
393001,ankleshwar
393002,ankleshwar
401103,asangaon
413531,asangaon
246148,asangaon
461331,asangaon
421601,asangaon
415002,asangaon
382427,aslali
824111,aurangabad
824112,aurangabad
824113,aurangabad
824143,aurangabad
824202,aurangabad
824114,aurangabad
824203,aurangabad
824120,aurangabad
824122,aurangabad
824121,aurangabad
824127,aurangabad
824208,aurangabad
824303,aurangabad
824301,aurangabad
824124,aurangabad
824125,aurangabad
824129,aurangabad
824102,aurangabad
824115,aurangabad
824302,aurangabad
824103,aurangabad
431002,aurangabad
431105,aurangabad
431154,aurangabad
431007,aurangabad
431147,aurangabad
431109,aurangabad
431103,aurangabad
431101,aurangabad
423702,aurangabad
431121,aurangabad
431148,aurangabad
423703,aurangabad
431152,aurangabad
431111,aurangabad
431104,aurangabad
431110,aurangabad
431116,aurangabad
423701,aurangabad
431133,aurangabad
431113,aurangabad
431132,aurangabad
431112,aurangabad
431135,aurangabad
431120,aurangabad
281006,aurangabad
207243,aurangabad
431001,aurangabad
431003,aurangabad
431107,aurangabad
431118,aurangabad
203401,aurangabad
221010,aurangabad
824123,aurangabad
135002,aurangabad
431151,aurangabad
431134,aurangabad
431807,aurangabad
431136,aurangabad
431115,aurangabad
431102,aurangabad
431008,aurangabad
431117,aurangabad
249402,aurangabad
431005,aurangabad
121105,aurangabad
824101,aurangabad
523370,aurangabad
824219,aurangabad
431215,aurangabad
431137,aurangabad
431150,aurangabad
203205,aurangabad
243638,aurangabad
250001,aurangabad
431004,aurangabad
431010,aurangabad
143402,aurangabad
209310,aurangabad
227813,aurangabad
202001,aurangabad
262905,aurangabad
824304,aurangabad
431009,aurangabad
261403,aurangabad
742201,aurangabad
201003,aurangabad
246725,aurangabad
804409,aurangabad
824126,aurangabad
431006,aurangabad
431011,aurangabad
520007,autonagar
530012,autonagar
222125,badlapur
421503,badlapur
212402,bahadurgarh
124507,bahadurgarh
245208,bahadurgarh
124508,bahadurgarh
147021,bahadurgarh
413102,baramati
413133,baramati
413401,barshi
413411,barshi
515134,beed
573216,beed
571434,beed
577115,beed
413207,beed
431517,beed
431523,beed
414203,beed
431518,beed
431153,beed
431126,beed
431128,beed
431127,beed
431519,beed
431143,beed
414202,beed
414208,beed
431123,beed
431124,beed
431131,beed
431125,beed
431515,beed
414204,beed
413229,beed
414205,beed
413249,beed
431129,beed
431130,beed
431530,beed
431144,beed
431142,beed
431520,beed
332316,beed
416011,beed
431122,beed
573121,beed
486446,beed
571103,beed
571111,beed
484113,beed
461228,beed
485775,beed
509133,beed
573137,beed
410201,beed
534005,beed
562121,beed
577132,beed
571201,beed
441903,bhandara
441914,bhandara
441906,bhandara
441907,bhandara
441803,bhandara
441804,bhandara
441909,bhandara
441924,bhandara
441910,bhandara
441809,bhandara
441802,bhandara
441913,bhandara
441912,bhandara
441904,bhandara
441905,bhandara
441805,bhandara
441915,bhandara
441908,bhandara
441203,bhandara
228155,bhandara
321022,bhandara
742123,bhandara
364525,bhavnagar
364530,bhavnagar
364210,bhavnagar
364295,bhavnagar
364050,bhavnagar
364004,bhavnagar
364002,bhavnagar
364130,bhavnagar
364320,bhavnagar
364505,bhavnagar
364265,bhavnagar
364510,bhavnagar
364070,bhavnagar
364290,bhavnagar
364280,bhavnagar
364760,bhavnagar
364270,bhavnagar
364275,bhavnagar
364230,bhavnagar
364240,bhavnagar
364140,bhavnagar
364260,bhavnagar
364120,bhavnagar
364145,bhavnagar
364150,bhavnagar
364310,bhavnagar
364005,bhavnagar
364001,bhavnagar
364060,bhavnagar
364110,bhavnagar
364135,bhavnagar
364313,bhavnagar
364250,bhavnagar
364330,bhavnagar
364003,bhavnagar
364006,bhavnagar
364081,bhavnagar
364740,bhavnagar
415514,bhiwadi
421308,bhiwandi
462030,bhopal
463106,bhopal
462101,bhopal
463111,bhopal
462038,bhopal
462120,bhopal
462010,bhopal
462042,bhopal
276202,bhopal
462001,bhopal
462100,bhopal
462041,bhopal
462024,bhopal
462016,bhopal
462003,bhopal
462002,bhopal
462040,bhopal
462020,bhopal
462116,bhopal
494446,bhopal
431736,bhopal
462022,bhopal
462026,bhopal
335704,bhopal
462008,bhopal
462036,bhopal
462099,bhopal
462027,bhopal
462023,bhopal
462044,bhopal
462028,bhopal
585102,bhopal
361315,bhopal
462047,bhopal
462037,bhopal
462045,bhopal
462004,bhopal
462057,bhopal
311802,bhopal
462043,bhopal
472337,bhopal
277209,bhopal
462031,bhopal
462066,bhopal
462033,bhopal
462011,bhopal
462039,bhopal
342603,bhopal
411026,bhosari
411039,bhosari
396321,bilimora
560099,bommasandra
561213,bommasandra
571405,chakan
244225,chakan
587111,chakan
587313,chakan
804404,chakan
571402,chakan
410501,chakan
811304,chakan
382213,changodar
391135,chhatral
382729,chhatral
391210,chhatral
385530,chhatral
422003,chitegaon
441212,chitegaon
682037,cochin
641201,coimbatore
641006,coimbatore
641105,coimbatore
641107,coimbatore
641101,coimbatore
641114,coimbatore
641022,coimbatore
641010,coimbatore
641108,coimbatore
641109,coimbatore
642101,coimbatore
642106,coimbatore
642202,coimbatore
642130,coimbatore
642109,coimbatore
642110,coimbatore
642002,coimbatore
642117,coimbatore
642001,coimbatore
642120,coimbatore
642123,coimbatore
642134,coimbatore
642127,coimbatore
642105,coimbatore
642005,coimbatore
642007,coimbatore
642107,coimbatore
641653,coimbatore
641103,coimbatore
641104,coimbatore
641659,coimbatore
641305,coimbatore
641113,coimbatore
641302,coimbatore
641668,coimbatore
641658,coimbatore
641671,coimbatore
641669,coimbatore
641112,coimbatore
641018,coimbatore
641045,coimbatore
641036,coimbatore
641004,coimbatore
641062,coimbatore
641024,coimbatore
641111,coimbatore
641051,coimbatore
641063,coimbatore
641046,coimbatore
641047,coimbatore
641026,coimbatore
641043,coimbatore
642133,coimbatore
641202,coimbatore
642114,coimbatore
641401,coimbatore
641402,coimbatore
641002,coimbatore
641021,coimbatore
641032,coimbatore
641028,coimbatore
641019,coimbatore
641007,coimbatore
641020,coimbatore
641017,coimbatore
642108,coimbatore
642004,coimbatore
642129,coimbatore
642205,coimbatore
641697,coimbatore
641014,coimbatore
641023,coimbatore
641009,coimbatore
641035,coimbatore
641044,coimbatore
641040,coimbatore
641039,coimbatore
642003,coimbatore
641407,coimbatore
641001,coimbatore
571189,coimbatore
641008,coimbatore
641110,coimbatore
641029,coimbatore
641030,coimbatore
641025,coimbatore
642103,coimbatore
642104,coimbatore
642125,coimbatore
638459,coimbatore
641049,coimbatore
641016,coimbatore
641015,coimbatore
641012,coimbatore
641003,coimbatore
641041,coimbatore
641011,coimbatore
641034,coimbatore
641031,coimbatore
641301,coimbatore
641042,coimbatore
641050,coimbatore
641037,coimbatore
641005,coimbatore
641013,coimbatore
641038,coimbatore
642111,coimbatore
641048,coimbatore
641033,coimbatore
641027,coimbatore
642006,coimbatore
392130,dahej
561204,dahej
571106,dahej
524121,daman
577111,daman
573134,daman
396210,daman
333034,daman
635123,daman
637207,daman
637304,daman
754031,daman
752020,daman
631051,daman
606902,daman
744107,daman
744202,daman
744105,daman
744103,daman
744204,daman
744210,daman
744205,daman
744206,daman
625503,daman
607301,daman
614404,daman
396215,daman
744104,daman
744102,daman
744101,daman
606901,daman
627857,daman
534269,daman
508278,daman
524405,daman
503165,daman
509215,daman
515541,daman
518122,daman
577228,daman
691312,daman
454446,daman
457882,daman
625108,daman
744201,daman
736123,daman
621103,daman
613104,daman
246124,daman
744211,daman
744207,daman
523279,daman
523261,daman
523183,daman
531111,daman
517297,daman
522236,daman
509106,daman
563114,daman
678583,daman
676503,daman
756033,daman
756083,daman
637405,daman
602106,daman
604402,daman
744209,daman
608301,daman
639114,daman
763008,daman
683512,daman
744203,daman
396240,daman
507169,daman
396220,daman
623401,daman
603307,daman
635102,daman
607204,daman
246473,daman
723132,daman
628151,daman
621313,daman
609115,daman
621214,daman
517641,daman
521104,daman
605102,daman
637208,daman
625517,daman
744112,daman
744106,daman
563113,daman
574221,daman
689583,daman
756125,daman
623115,daman
605502,daman
610102,daman
635306,daman
313702,daman
209115,daman
639205,daman
609310,daman
622515,daman
621106,daman
614708,daman
515124,daman
535580,daman
605401,daman
637409,daman
577516,davangere
577556,davangere
577514,davangere
577005,davangere
577006,davangere
577525,davangere
577601,davangere
577528,davangere
577002,davangere
577589,davangere
577530,davangere
577534,davangere
577213,davangere
577215,davangere
577218,davangere
577221,davangere
577552,davangere
577224,davangere
577551,davangere
577217,davangere
577231,davangere
577219,davangere
577223,davangere
577225,davangere
577008,davangere
577566,davangere
577001,davangere
577513,davangere
577553,davangere
577544,davangere
577230,davangere
577521,davangere
577007,davangere
577004,davangere
577009,davangere
577512,davangere
577003,davangere
110037,delhi
110054,delhi
110007,delhi
110035,delhi
110001,delhi
110003,delhi
110062,delhi
110024,delhi
110049,delhi
110021,delhi
110023,delhi
110067,delhi
110022,delhi
110070,delhi
110028,delhi
110046,delhi
110018,delhi
110006,delhi
110010,delhi
486441,delhi
110092,delhi
110031,delhi
110065,delhi
110066,delhi
110057,delhi
385001,delhi
110038,delhi
110032,delhi
110051,delhi
110011,delhi
110004,delhi
110102,delhi
110044,delhi
110017,delhi
110061,delhi
110077,delhi
110088,delhi
110069,delhi
110005,delhi
110080,delhi
110027,delhi
131001,delhi
486111,delhi
110106,delhi
110042,delhi
110008,delhi
110020,delhi
110064,delhi
110058,delhi
110026,delhi
301001,delhi
455001,dewas
455227,dewas
455111,dewas
455115,dewas
455223,dewas
455332,dewas
455440,dewas
455221,dewas
455336,dewas
455339,dewas
455459,dewas
455118,dewas
455116,dewas
305631,dewas
123034,dewas
332301,dewas
731201,dewas
425428,dhule
425407,dhule
424002,dhule
425408,dhule
424301,dhule
424311,dhule
424318,dhule
424305,dhule
424306,dhule
424304,dhule
425405,dhule
424309,dhule
425421,dhule
425427,dhule
325602,dhule
712616,dhule
424307,dhule
425406,dhule
425403,dhule
424006,dhule
424310,dhule
424302,dhule
425404,dhule
424303,dhule
424308,dhule
424005,dhule
424004,dhule
424001,dhule
454116,dhule
422004,dindori
481880,dindori
481882,dindori
481884,dindori
481885,dindori
481778,dindori
481990,dindori
481883,dindori
481879,dindori
495115,dindori
422202,dindori
421201,dombivali
421203,dombivali
673504,erode
638311,erode
638501,erode
638504,erode
638312,erode
638116,erode
638107,erode
638314,erode
638052,erode
638315,erode
638057,erode
638751,erode
638115,erode
638151,erode
638104,erode
638154,erode
638109,erode
638009,erode
638112,erode
638502,erode
638503,erode
638110,erode
638476,erode
638505,erode
638453,erode
638454,erode
638455,erode
638456,erode
638458,erode
638506,erode
638055,erode
638462,erode
638401,erode
638461,erode
638011,erode
638001,erode
638005,erode
638054,erode
638451,erode
638460,erode
638301,erode
638056,erode
638101,erode
638051,erode
638002,erode
638153,erode
638152,erode
638004,erode
638402,erode
638053,erode
638060,erode
638316,erode
638313,erode
638457,erode
638102,erode
638003,erode
638012,erode
638103,erode
638452,erode
638108,erode
121003,faridabad
121004,faridabad
121101,faridabad
121006,faridabad
121010,faridabad
121009,faridabad
121014,faridabad
121001,faridabad
121007,faridabad
121005,faridabad
121008,faridabad
121015,faridabad
121999,faridabad
121002,faridabad
121012,faridabad
121013,faridabad
121102,faridabad
370201,gandhidham
201009,ghaziabad
201015,ghaziabad
201010,ghaziabad
201002,ghaziabad
201102,ghaziabad
201206,ghaziabad
245304,ghaziabad
201201,ghaziabad
201204,ghaziabad
201001,ghaziabad
201006,ghaziabad
201005,ghaziabad
201103,ghaziabad
201004,ghaziabad
201007,ghaziabad
201014,ghaziabad
201019,ghaziabad
201013,ghaziabad
201018,ghaziabad
201017,ghaziabad
201016,ghaziabad
201011,ghaziabad
201020,ghaziabad
201012,ghaziabad
201021,ghaziabad
506145,goa
506144,goa
506221,goa
506301,goa
506143,goa
506175,goa
506201,goa
506244,goa
506303,goa
805113,goa
843360,goa
506222,goa
785104,goa
783123,goa
783124,goa
783101,goa
783126,goa
783129,goa
783125,goa
783130,goa
822119,goa
814110,goa
174029,goa
421303,goa
403702,goa
403708,goa
403710,goa
403703,goa
403728,goa
403718,goa
403713,goa
403705,goa
403704,goa
403508,goa
403503,goa
403101,goa
403513,goa
403507,goa
403404,goa
403004,goa
403530,goa
403512,goa
403511,goa
403505,goa
403406,goa
403506,goa
327001,goa
793126,goa
742187,goa
743383,goa
243303,goa
733210,goa
403731,goa
403715,goa
403601,goa
403729,goa
403724,goa
403720,goa
403802,goa
403509,goa
403115,goa
403206,goa
403105,goa
403510,goa
403203,goa
403106,goa
403103,goa
783120,goa
783133,goa
783134,goa
506318,goa
506316,goa
783122,goa
783132,goa
506302,goa
854303,goa
504102,goa
506223,goa
506252,goa
506367,goa
493770,goa
442605,goa
481551,goa
403709,goa
403723,goa
403504,goa
403110,goa
403108,goa
403517,goa
403401,goa
403006,goa
799285,goa
742304,goa
741103,goa
221718,goa
262201,goa
743368,goa
734201,goa
403001,goa
403801,goa
403701,goa
403712,goa
403711,goa
403725,goa
403524,goa
403516,goa
403102,goa
403107,goa
403114,goa
403521,goa
403522,goa
711109,goa
506167,goa
494665,goa
787057,goa
506224,goa
785703,goa
784510,goa
441207,goa
442606,goa
441209,goa
481663,goa
403714,goa
403707,goa
403515,goa
403104,goa
403527,goa
403502,goa
480108,goa
327021,goa
743245,goa
209504,goa
243403,goa
733207,goa
403410,goa
403706,goa
403602,goa
403721,goa
403002,goa
403204,goa
403526,goa
403402,goa
506146,goa
508258,goa
504103,goa
503125,goa
816101,goa
176049,goa
481001,goa
441206,goa
477001,goa
305802,goa
327022,goa
732126,goa
733208,goa
403716,goa
403806,goa
403717,goa
403804,goa
403722,goa
403409,goa
403529,goa
403523,goa
403403,goa
403005,goa
721456,goa
721128,goa
503219,goa
805130,goa
481335,goa
477660,goa
743427,goa
731238,goa
741165,goa
271855,goa
272178,goa
403803,goa
403719,goa
403726,goa
403201,goa
403202,goa
403109,goa
403501,goa
403525,goa
313321,goa
601201,gummidipundi
122101,gurugram
122102,gurugram
122413,gurugram
122506,gurugram
122504,gurugram
122502,gurugram
122414,gurugram
122004,gurugram
122503,gurugram
122006,gurugram
122103,gurugram
122008,gurugram
122001,gurugram
122016,gurugram
122018,gurugram
122003,gurugram
122005,gurugram
122505,gurugram
122052,gurugram
122007,gurugram
122051,gurugram
122012,gurugram
122015,gurugram
122017,gurugram
122009,gurugram
242221,gurugram
122010,gurugram
122002,gurugram
122011,gurugram
122098,gurugram
174303,halol
247554,halol
176323,halol
207249,halol
389350,halol
247667,haridwar
247661,haridwar
249404,haridwar
247663,haridwar
247671,haridwar
247662,haridwar
249407,haridwar
249401,haridwar
247668,haridwar
247665,haridwar
249410,haridwar
249403,haridwar
247670,haridwar
247664,haridwar
247656,haridwar
247666,haridwar
247658,haridwar
249408,haridwar
249405,haridwar
612802,haridwar
249411,haridwar
249412,haridwar
474003,hazira
781360,hazira
756037,hazira
416115,ichalkaranji
416116,ichalkaranji
416121,ichalkaranji
452016,indore
453001,indore
453115,indore
453220,indore
452020,indore
453771,indore
453552,indore
453441,indore
453331,indore
453551,indore
452013,indore
452001,indore
453555,indore
452010,indore
452003,indore
453111,indore
453661,indore
452005,indore
452006,indore
452007,indore
452009,indore
452011,indore
453112,indore
452014,indore
452999,indore
393120,indore
452012,indore
453556,indore
453446,indore
452015,indore
452018,indore
452002,indore
822123,jaipur
431542,jaipur
476332,jaipur
302038,jaipur
302026,jaipur
302027,jaipur
303305,jaipur
303301,jaipur
303012,jaipur
303604,jaipur
303328,jaipur
303602,jaipur
303007,jaipur
303901,jaipur
303904,jaipur
303008,jaipur
303124,jaipur
303006,jaipur
303009,jaipur
303005,jaipur
303603,jaipur
303903,jaipur
302029,jaipur
303905,jaipur
303103,jaipur
303002,jaipur
303601,jaipur
303001,jaipur
303119,jaipur
303702,jaipur
303804,jaipur
303120,jaipur
303712,jaipur
303701,jaipur
303704,jaipur
303109,jaipur
303801,jaipur
303108,jaipur
303003,jaipur
303105,jaipur
303107,jaipur
303110,jaipur
303806,jaipur
230129,jaipur
221406,jaipur
302001,jaipur
302049,jaipur
302031,jaipur
302016,jaipur
302037,jaipur
302006,jaipur
302034,jaipur
302020,jaipur
302046,jaipur
302044,jaipur
302047,jaipur
303706,jaipur
303908,jaipur
303122,jaipur
303803,jaipur
303805,jaipur
841508,jaipur
494776,jaipur
757085,jaipur
302012,jaipur
302041,jaipur
302017,jaipur
303348,jaipur
303338,jaipur
302022,jaipur
303104,jaipur
303106,jaipur
303807,jaipur
303102,jaipur
263640,jaipur
302002,jaipur
302005,jaipur
302004,jaipur
302013,jaipur
303123,jaipur
303121,jaipur
504216,jaipur
473111,jaipur
231303,jaipur
506325,jaipur
431501,jaipur
444507,jaipur
302028,jaipur
756163,jaipur
754133,jaipur
261208,jaipur
302015,jaipur
302019,jaipur
813106,jaipur
804429,jaipur
833102,jaipur
792103,jaipur
312022,jaipur
754204,jaipur
302003,jaipur
302039,jaipur
302042,jaipur
302048,jaipur
303329,jaipur
821301,jaipur
835227,jaipur
443103,jaipur
415511,jaipur
756043,jaipur
495690,jaipur
302018,jaipur
302033,jaipur
302021,jaipur
723201,jaipur
585326,jalgaon
443402,jalgaon
424109,jalgaon
425107,jalgaon
424119,jalgaon
425303,jalgaon
425310,jalgaon
425307,jalgaon
425503,jalgaon
425507,jalgaon
425504,jalgaon
425311,jalgaon
425327,jalgaon
425306,jalgaon
425508,jalgaon
425302,jalgaon
425502,jalgaon
425308,jalgaon
425305,jalgaon
425301,jalgaon
425524,jalgaon
425108,jalgaon
425114,jalgaon
424208,jalgaon
424206,jalgaon
424204,jalgaon
424105,jalgaon
425109,jalgaon
424108,jalgaon
424103,jalgaon
425110,jalgaon
424107,jalgaon
424106,jalgaon
424104,jalgaon
424201,jalgaon
425111,jalgaon
424102,jalgaon
424203,jalgaon
424202,jalgaon
425401,jalgaon
425102,jalgaon
425105,jalgaon
425002,jalgaon
425116,jalgaon
425115,jalgaon
425103,jalgaon
425104,jalgaon
425201,jalgaon
425203,jalgaon
425003,jalgaon
425001,jalgaon
783386,jalgaon
442201,jalgaon
424207,jalgaon
425304,jalgaon
425309,jalgaon
424205,jalgaon
425113,jalgaon
425112,jalgaon
425420,jalgaon
425402,jalgaon
425505,jalgaon
425506,jalgaon
425004,jalgaon
423401,jalgaon
423202,jalgaon
423104,jalgaon
425501,jalgaon
424101,jalgaon
415010,jalgaon
425314,jalgaon
425101,jalgaon
415712,jalgaon
431507,jalna
431504,jalna
431502,jalna
431204,jalna
431114,jalna
431209,jalna
431206,jalna
431213,jalna
431211,jalna
431207,jalna
431214,jalna
431203,jalna
431205,jalna
263625,jalna
431212,jalna
431503,jalna
470673,jalna
636201,jalna
713103,jalna
360490,jamnagar
363655,jamnagar
361230,jamnagar
361240,jamnagar
361012,jamnagar
360520,jamnagar
361210,jamnagar
361120,jamnagar
361011,jamnagar
360530,jamnagar
361130,jamnagar
361250,jamnagar
361160,jamnagar
361280,jamnagar
361013,jamnagar
360540,jamnagar
361006,jamnagar
361170,jamnagar
361220,jamnagar
360531,jamnagar
361009,jamnagar
361007,jamnagar
361001,jamnagar
361008,jamnagar
361142,jamnagar
361150,jamnagar
361004,jamnagar
360480,jamnagar
361110,jamnagar
361140,jamnagar
361162,jamnagar
361010,jamnagar
360405,jamnagar
360110,jamnagar
361005,jamnagar
361345,jamnagar
460330,jamnagar
361003,jamnagar
361002,jamnagar
412303,jejuri
182202,jodhpur
333055,jodhpur
342314,jodhpur
342311,jodhpur
342023,jodhpur
342027,jodhpur
342307,jodhpur
342605,jodhpur
342602,jodhpur
342312,jodhpur
342801,jodhpur
342308,jodhpur
342302,jodhpur
342802,jodhpur
342304,jodhpur
342305,jodhpur
342303,jodhpur
342014,jodhpur
342301,jodhpur
342606,jodhpur
342601,jodhpur
342013,jodhpur
342025,jodhpur
342021,jodhpur
342022,jodhpur
342028,jodhpur
342306,jodhpur
151509,jodhpur
152117,jodhpur
313038,jodhpur
342012,jodhpur
342604,jodhpur
342011,jodhpur
342008,jodhpur
342030,jodhpur
342001,jodhpur
388265,jodhpur
486338,jodhpur
345021,jodhpur
342901,jodhpur
342037,jodhpur
342029,jodhpur
342309,jodhpur
342015,jodhpur
342024,jodhpur
342003,jodhpur
342005,jodhpur
125076,jodhpur
464331,jodhpur
342007,jodhpur
342006,jodhpur
700068,jodhpur
484001,jodhpur
148103,jodhpur
342032,jodhpur
342016,jodhpur
342017,jodhpur
304022,jodhpur
342026,jodhpur
342002,jodhpur
524315,kagal
581351,kagal
587205,kagal
416236,kagal
571117,kagal
457779,kagal
416216,kagal
585301,kalaburagi
585302,kalaburagi
585303,kalaburagi
585305,kalaburagi
585306,kalaburagi
585307,kalaburagi
585308,kalaburagi
585103,kalaburagi
585105,kalaburagi
585104,kalaburagi
585212,kalaburagi
585265,kalaburagi
585310,kalaburagi
585311,kalaburagi
585312,kalaburagi
585313,kalaburagi
585314,kalaburagi
585316,kalaburagi
585217,kalaburagi
585236,kalaburagi
585322,kalaburagi
585228,kalaburagi
585213,kalaburagi
585325,kalaburagi
585211,kalaburagi
585214,kalaburagi
585210,kalaburagi
585317,kalaburagi
585318,kalaburagi
585320,kalaburagi
585222,kalaburagi
585225,kalaburagi
585106,kalaburagi
585324,kalaburagi
585309,kalaburagi
585218,kalaburagi
585292,kalaburagi
585101,kalaburagi
585107,kalaburagi
585367,kalaburagi
585229,kalaburagi
503120,karad
587125,karad
584122,karad
571422,karad
679339,karad
458895,karad
759119,karad
761143,karad
306001,karad
637002,karad
643237,karad
762010,karad
335062,karad
571253,karad
132107,karad
458441,karad
673632,karad
671542,karad
635002,karad
752085,karad
761117,karad
628552,karad
625706,karad
415110,karad
415539,karad
431718,karad
832303,karad
591103,karad
591263,karad
580024,karad
581126,karad
496330,karad
413517,karad
571432,karad
572114,karad
765015,karad
762024,karad
637019,karad
345001,karad
761106,karad
761008,karad
415124,karad
389320,karad
457118,karad
416209,karad
761213,karad
636602,karad
635206,karad
752056,karad
758080,karad
758019,karad
306126,karad
332710,karad
314024,karad
621802,karad
761144,karad
535568,karad
583216,karad
581201,karad
571212,karad
465661,karad
456006,karad
685531,karad
673593,karad
761151,karad
623705,karad
335051,karad
759132,karad
231309,karad
606207,karad
605766,karad
361347,karad
415205,karad
581302,karwar
323616,karwar
321407,karwar
415523,karwar
581301,karwar
461001,karwar
321411,karwar
325215,karwar
843118,karwar
311030,karwar
284204,karwar
210206,karwar
821108,karwar
481771,karwar
325204,karwar
224122,karwar
251306,karwar
581308,karwar
585416,khed
585330,khed
585227,khed
586207,khed
586217,khed
491229,khed
182128,khed
388225,khed
388235,khed
388245,khed
394370,khed
387510,khed
387610,khed
387635,khed
387320,khed
387110,khed
387120,khed
387620,khed
387630,khed
387640,khed
387130,khed
387335,khed
387530,khed
387540,khed
387350,khed
387560,khed
387710,khed
387430,khed
387365,khed
387330,khed
387355,khed
388180,khed
391165,khed
383255,khed
125121,khed
415709,khed
415409,khed
444503,khed
444404,khed
443201,khed
443102,khed
443203,khed
422007,khed
480994,khed
464993,khed
488442,khed
460663,khed
460661,khed
461661,khed
461221,khed
461111,khed
461441,khed
461668,khed
487225,khed
487118,khed
470661,khed
470051,khed
464551,khed
464881,khed
464990,khed
464573,khed
464651,khed
464986,khed
464661,khed
464228,khed
483220,khed
483332,khed
450991,khed
450116,khed
450221,khed
451114,khed
451331,khed
451335,khed
451447,khed
458778,khed
458880,khed
458330,khed
458664,khed
457990,khed
457775,khed
457226,khed
465689,khed
441304,khed
442101,khed
445302,khed
445206,khed
412205,khed
413213,khed
425409,khed
465687,khed
465667,khed
466665,khed
466116,khed
466111,khed
466115,khed
466114,khed
465441,khed
456441,khed
456443,khed
456335,khed
473331,khed
473101,khed
473249,khed
473115,khed
473287,khed
473774,khed
473880,khed
473995,khed
475220,khed
311601,khed
311602,khed
312604,khed
326033,khed
326039,khed
326037,khed
326034,khed
325217,khed
799131,khed
301035,khed
321028,khed
322203,khed
322241,khed
585414,khed
460449,khed
487337,khed
441102,khed
422210,khed
413626,khed
382424,khed
388239,khed
387305,khed
387230,khed
387370,khed
389140,khed
322234,khed
387411,khed
585417,khed
370670,khed
388230,khed
388250,khed
394635,khed
387520,khed
387550,khed
387650,khed
387570,khed
387115,khed
388440,khed
387345,khed
387002,khed
387360,khed
389160,khed
422305,khed
431750,khed
431805,khed
413521,khed
413608,khed
441108,khed
441901,khed
441106,khed
445201,khed
464886,khed
464226,khed
482003,khed
482021,khed
450001,khed
450117,khed
450114,khed
458775,khed
458002,khed
458883,khed
458110,khed
457114,khed
457340,khed
457331,khed
443002,khed
443204,khed
443104,khed
444301,khed
443303,khed
444306,khed
410506,khed
415521,khed
425422,khed
460551,khed
460220,khed
460557,khed
480001,khed
480223,khed
480559,khed
480338,khed
461990,khed
461775,khed
487441,khed
470119,khed
470227,khed
465691,khed
466661,khed
466331,khed
465227,khed
456771,khed
456776,khed
473443,khed
473105,khed
473222,khed
311302,khed
311011,khed
312023,khed
312616,khed
312901,khed
326021,khed
326036,khed
324002,khed
799284,khed
326518,khed
325001,khed
323603,khed
321203,khed
210125,khed
431806,khed
431715,khed
387105,khed
387325,khed
586111,khed
502286,khed
470880,khed
470115,khed
464113,khed
456010,khed
387001,khed
814141,khed
391510,khed
583283,khed
360590,khed
388530,khed
388220,khed
388255,khed
491340,khed
422209,khed
431712,khed
422204,khed
415639,khed
443101,khed
442707,khed
441217,khed
441701,khed
441601,khed
441916,khed
441911,khed
441210,khed
441502,khed
445110,khed
445323,khed
412213,khed
410505,khed
464334,khed
464224,khed
464114,khed
464111,khed
483119,khed
483330,khed
483331,khed
450110,khed
450771,khed
450661,khed
450445,khed
451001,khed
451441,khed
451225,khed
457773,khed
465674,khed
465679,khed
423101,khed
481661,khed
481998,khed
465693,khed
465683,khed
466001,khed
465223,khed
465220,khed
465230,khed
465333,khed
465447,khed
456224,khed
456440,khed
456665,khed
456221,khed
473335,khed
473445,khed
473793,khed
473775,khed
476001,khed
480882,khed
460668,khed
480331,khed
480337,khed
487770,khed
470771,khed
470004,khed
321024,khed
321403,khed
328041,khed
322213,khed
322215,khed
322236,khed
321611,khed
311801,khed
312605,khed
312623,khed
314034,khed
325219,khed
323001,khed
799256,khed
284126,khed
470672,khed
431514,khed
387340,khed
387380,khed
387315,khed
391145,khed
833204,khed
388215,khed
389190,khed
383220,khed
396050,khed
125055,khed
493101,khed
481117,khed
481116,khed
481666,khed
460665,khed
460666,khed
480224,khed
480105,khed
443112,khed
444303,khed
444201,khed
441807,khed
483113,khed
451115,khed
451113,khed
451221,khed
458389,khed
458990,khed
458888,khed
458556,khed
458113,khed
458339,khed
465339,khed
465445,khed
465449,khed
456550,khed
473446,khed
473332,khed
473638,khed
473990,khed
475661,khed
431402,khed
461771,khed
487001,khed
487114,khed
487661,khed
487110,khed
470775,khed
470663,khed
464570,khed
464221,khed
454660,khed
425423,khed
422205,khed
423301,khed
431708,khed
431721,khed
413525,khed
416313,khed
311403,khed
321410,khed
322242,khed
327027,khed
326502,khed
325207,khed
326519,khed
323024,khed
313022,khed
313705,khed
206253,khed
388260,khed
387375,khed
387003,khed
460225,khed
457333,khed
441301,khed
387210,khed
396060,khed
389172,khed
396230,khed
383002,khed
480997,khed
462046,khed
480110,khed
443404,khed
442906,khed
442304,khed
454111,khed
483225,khed
458558,khed
458226,khed
457661,khed
457770,khed
456668,khed
473113,khed
473670,khed
475110,khed
475115,khed
442106,khed
445102,khed
410504,khed
410512,khed
415501,khed
415003,khed
461115,khed
487330,khed
470772,khed
470118,khed
464665,khed
464258,khed
425414,khed
423303,khed
423105,khed
422402,khed
431522,khed
413529,khed
413508,khed
431703,khed
311024,khed
303313,khed
344031,khed
344801,khed
341511,khed
327025,khed
314036,khed
326023,khed
326038,khed
305921,khed
370130,khed
480112,khed
461110,khed
450551,khed
425410,khed
410204,khopoli
410203,khopoli
782462,kim
581333,kim
416302,kim
798611,kim
450331,kim
144507,kim
790116,kim
767026,kim
767038,kim
246472,kim
246113,kim
791121,kim
394110,kim
523327,kim
394160,kim
392170,kim
441902,kim
577415,kim
673122,kim
743273,kim
735210,kim
737102,kim
533429,kim
765020,kim
141107,kim
764043,kim
246421,kim
246488,kim
202131,kim
625201,kim
734301,kim
500078,kim
848134,kim
509338,kim
384285,kim
798604,kim
142042,kim
764037,kim
246121,kim
249141,kim
737103,kim
531077,kim
785685,kim
148034,kim
143511,kim
344701,kim
246455,kim
246481,kim
743435,kim
500014,kim
759143,kim
737121,kim
416214,kolhapur
416215,kolhapur
416232,kolhapur
416220,kolhapur
416221,kolhapur
416110,kolhapur
416107,kolhapur
416138,kolhapur
416109,kolhapur
416143,kolhapur
416101,kolhapur
416114,kolhapur
416106,kolhapur
416112,kolhapur
416005,kolhapur
416205,kolhapur
416204,kolhapur
416001,kolhapur
416230,kolhapur
416211,kolhapur
416010,kolhapur
416212,kolhapur
416505,kolhapur
416229,kolhapur
416213,kolhapur
416208,kolhapur
416509,kolhapur
416552,kolhapur
416501,kolhapur
416502,kolhapur
416506,kolhapur
416203,kolhapur
416207,kolhapur
416210,kolhapur
416218,kolhapur
416507,kolhapur
416526,kolhapur
416503,kolhapur
415101,kolhapur
416223,kolhapur
416122,kolhapur
416504,kolhapur
416551,kolhapur
416201,kolhapur
416202,kolhapur
416118,kolhapur
416235,kolhapur
416108,kolhapur
416013,kolhapur
416002,kolhapur
416012,kolhapur
416120,kolhapur
416105,kolhapur
416111,kolhapur
416102,kolhapur
416104,kolhapur
416146,kolhapur
416103,kolhapur
416231,kolhapur
416206,kolhapur
416119,kolhapur
416508,kolhapur
416234,kolhapur
416219,kolhapur
416004,kolhapur
416144,kolhapur
416113,kolhapur
416527,kolhapur
416003,kolhapur
416008,kolhapur
416006,kolhapur
416007,kolhapur
500072,kukatpally
500972,kukatpally
131028,kundli
314030,kundli
382245,kundli
131030,kundli
413802,kurkumbh
410401,lonavala
643212,madurai
603210,madurai
625501,madurai
625514,madurai
625016,madurai
625207,madurai
625214,madurai
625019,madurai
625021,madurai
625221,madurai
625234,madurai
625218,madurai
625008,madurai
625703,madurai
625022,madurai
625702,madurai
625708,madurai
625704,madurai
625005,madurai
625301,madurai
625017,madurai
625020,madurai
625102,madurai
625103,madurai
625009,madurai
625014,madurai
625104,madurai
625105,madurai
625122,madurai
625110,madurai
625109,madurai
623701,madurai
625527,madurai
625529,madurai
625532,madurai
625537,madurai
625535,madurai
625015,madurai
625101,madurai
625001,madurai
625002,madurai
625205,madurai
625402,madurai
625018,madurai
625701,madurai
625003,madurai
625006,madurai
625707,madurai
625106,madurai
625107,madurai
625705,madurai
625012,madurai
625011,madurai
630606,madurai
622002,madurai
625007,madurai
623517,madurai
607203,madurai
625023,madurai
601102,madurai
632502,madurai
624802,madurai
625004,madurai
845455,masjid
743312,masjid
712202,masjid
110048,masjid
190002,masjid
400003,masjid
250617,meerut
250341,meerut
250221,meerut
250404,meerut
250104,meerut
250004,meerut
250222,meerut
250106,meerut
250402,meerut
250401,meerut
250406,meerut
250223,meerut
250342,meerut
250344,meerut
250002,meerut
250626,meerut
250501,meerut
245206,meerut
250205,meerut
250502,meerut
250110,meerut
250103,meerut
250003,meerut
250005,meerut
363660,morbi
363630,morbi
363670,morbi
363641,morbi
363642,morbi
360003,morbi
363650,morbi
363621,morbi
363330,morbi
363351,morbi
363643,morbi
363623,morbi
400118,mumbai central
400008,mumbai central
573210,mysore
673602,mysore
481441,nagpur
441122,nagpur
440023,nagpur
441201,nagpur
441501,nagpur
441404,nagpur
441401,nagpur
441101,nagpur
441202,nagpur
441104,nagpur
441105,nagpur
441113,nagpur
441107,nagpur
441306,nagpur
441214,nagpur
441204,nagpur
440003,nagpur
440014,nagpur
440034,nagpur
440018,nagpur
440026,nagpur
440013,nagpur
440001,nagpur
440010,nagpur
440030,nagpur
440012,nagpur
440006,nagpur
440025,nagpur
440021,nagpur
441112,nagpur
441103,nagpur
125061,nagpur
441110,nagpur
441614,nagpur
441302,nagpur
441111,nagpur
441303,nagpur
441305,nagpur
276402,nagpur
440024,nagpur
440008,nagpur
440017,nagpur
440022,nagpur
440015,nagpur
440038,nagpur
441109,nagpur
440002,nagpur
802118,nagpur
491001,nagpur
497442,nagpur
221712,nagpur
440027,nagpur
440029,nagpur
440019,nagpur
440036,nagpur
440005,nagpur
440007,nagpur
441001,nagpur
802122,nagpur
224149,nagpur
440020,nagpur
440016,nagpur
441123,nagpur
125051,nagpur
440035,nagpur
440032,nagpur
440037,nagpur
440033,nagpur
431704,nanded
431745,nanded
431746,nanded
431801,nanded
431710,nanded
431810,nanded
431717,nanded
431722,nanded
431811,nanded
431741,nanded
431802,nanded
431803,nanded
431804,nanded
431711,nanded
431742,nanded
431719,nanded
431709,nanded
431743,nanded
431707,nanded
431723,nanded
431602,nanded
431606,nanded
431713,nanded
431605,nanded
431604,nanded
431601,nanded
431603,nanded
431809,nanded
431714,nanded
431808,nanded
431731,nanded
431716,nanded
431724,nanded
441221,nanded
411068,nanded
423212,nashik
422303,nashik
423108,nashik
423208,nashik
423110,nashik
423117,nashik
423206,nashik
423205,nashik
422010,nashik
422203,nashik
422207,nashik
422208,nashik
422211,nashik
422212,nashik
422213,nashik
422215,nashik
422502,nashik
422201,nashik
422401,nashik
422112,nashik
422403,nashik
422102,nashik
422103,nashik
422214,nashik
423402,nashik
423201,nashik
423102,nashik
422308,nashik
423501,nashik
423213,nashik
422306,nashik
423204,nashik
423106,nashik
423203,nashik
422009,nashik
422011,nashik
422006,nashik
422113,nashik
422101,nashik
422302,nashik
423302,nashik
422304,nashik
423111,nashik
422013,nashik
422606,nashik
422105,nashik
422104,nashik
423502,nashik
423403,nashik
422002,nashik
422222,nashik
422014,nashik
422501,nashik
422012,nashik
422005,nashik
422001,nashik
422008,nashik
422301,nashik
422221,nashik
422206,nashik
396325,navsari
396521,navsari
396570,navsari
396540,navsari
396040,navsari
396560,navsari
396580,navsari
396310,navsari
396350,navsari
396360,navsari
396427,navsari
396433,navsari
396430,navsari
396436,navsari
396460,navsari
396466,navsari
396463,navsari
396469,navsari
396475,navsari
396051,navsari
396418,navsari
396590,navsari
396406,navsari
396409,navsari
396415,navsari
396450,navsari
396439,navsari
396403,navsari
396421,navsari
396445,navsari
396110,navsari
396412,navsari
396472,navsari
396380,navsari
396370,navsari
396530,navsari
854202,nipani
465685,nipani
734423,nipani
491227,nipani
493118,nipani
325220,nipani
413510,nipani
415403,nipani
442001,nipani
486006,nipani
244901,nipani
591237,nipani
491223,nipani
496220,nipani
465226,nipani
465113,nipani
273308,nipani
457119,nipani
413534,nipani
285130,nipani
201303,noida
201320,noida
201301,noida
201316,noida
201310,noida
201307,noida
201318,noida
201309,noida
201302,noida
201317,noida
201306,noida
385505,odhav
382255,odhav
385535,odhav
384230,odhav
412304,odhav
382415,odhav
382120,odhav
382115,odhav
574328,olpad
394540,olpad
421312,palghar
401201,palghar
401501,palghar
401602,palghar
401603,palghar
401403,palghar
401604,palghar
401203,palghar
401606,palghar
401502,palghar
401102,palghar
401208,palghar
401605,palghar
401303,palghar
401601,palghar
401607,palghar
401209,palghar
401405,palghar
401404,palghar
401503,palghar
401504,palghar
401204,palghar
401105,palghar
401701,palghar
401402,palghar
401207,palghar
401202,palghar
401305,palghar
401301,palghar
401304,palghar
401302,palghar
401608,palghar
401702,palghar
401703,palghar
401506,palghar
401401,palghar
401205,palghar
396185,palsana
244402,palsana
382725,palsana
246761,palsana
394315,palsana
332402,palsana
416310,palus
410221,panvel
410206,panvel
502319,patancheru
560058,peenya
560057,peenya
412115,pirangut
454775,pithampur
454774,pithampur
495671,pithampur
605007,pondicherry
607402,pondicherry
605010,pondicherry
605009,pondicherry
605501,pondicherry
605110,pondicherry
605107,pondicherry
605106,pondicherry
605002,pondicherry
605003,pondicherry
605013,pondicherry
605011,pondicherry
605012,pondicherry
605105,pondicherry
605004,pondicherry
607403,pondicherry
605008,pondicherry
605005,pondicherry
605014,pondicherry
605111,pondicherry
605001,pondicherry
605006,pondicherry
600056,poonamalle
507165,pune
411033,pune
412105,pune
412401,pune
412406,pune
412410,pune
413105,pune
413130,pune
412206,pune
413801,pune
412101,pune
412109,pune
410509,pune
412408,pune
411025,pune
410502,pune
412404,pune
410515,pune
410405,pune
412203,pune
412216,pune
410510,pune
412201,pune
412219,pune
412218,pune
410503,pune
412211,pune
413120,pune
412102,pune
412409,pune
413132,pune
413110,pune
412108,pune
412308,pune
412412,pune
412104,pune
412301,pune
412210,pune
412306,pune
412204,pune
412208,pune
410507,pune
412202,pune
412402,pune
412106,pune
412207,pune
412305,pune
413114,pune
412214,pune
411001,pune
411028,pune
411013,pune
411047,pune
411037,pune
411027,pune
411014,pune
411006,pune
411057,pune
411051,pune
411002,pune
411038,pune
411005,pune
411042,pune
411052,pune
411024,pune
411030,pune
411016,pune
411071,pune
410403,pune
410301,pune
412215,pune
412212,pune
411023,pune
412411,pune
413104,pune
410513,pune
413106,pune
410402,pune
412220,pune
412403,pune
412107,pune
412311,pune
410406,pune
412110,pune
411003,pune
411062,pune
411015,pune
411019,pune
411017,pune
411004,pune
411020,pune
411007,pune
411009,pune
412112,pune
412307,pune
410511,pune
412103,pune
411048,pune
412405,pune
413103,pune
413115,pune
410517,pune
412209,pune
410516,pune
411032,pune
411031,pune
411012,pune
411034,pune
411018,pune
411036,pune
411022,pune
411044,pune
411046,pune
411011,pune
411041,pune
411058,pune
411067,pune
410508,pune
413211,pune
411021,pune
411035,pune
411061,pune
411040,pune
411070,pune
411008,pune
411073,pune
410302,pune
413116,pune
412312,pune
411060,pune
411043,pune
411045,pune
411069,pune
411081,pune
360311,rajkot
360485,rajkot
360040,rajkot
360410,rajkot
360320,rajkot
360050,rajkot
360360,rajkot
360370,rajkot
360470,rajkot
360070,rajkot
360421,rajkot
360330,rajkot
360440,rajkot
360045,rajkot
360055,rajkot
360020,rajkot
360022,rajkot
360023,rajkot
360021,rajkot
360004,rajkot
360005,rajkot
360025,rajkot
360060,rajkot
360325,rajkot
360002,rajkot
360001,rajkot
360006,rajkot
365435,rajkot
365480,rajkot
360450,rajkot
360465,rajkot
360035,rajkot
360024,rajkot
363440,rajkot
304802,rajkot
360026,rajkot
360460,rajkot
360030,rajkot
360380,rajkot
360452,rajkot
360430,rajkot
360007,rajkot
360008,rajkot
360375,rajkot
764077,rajkot
363520,rajkot
496115,rajkot
360028,rajkot
631004,ranipet
631003,ranipet
632531,ranipet
631002,ranipet
631052,ranipet
632514,ranipet
631102,ranipet
631151,ranipet
632501,ranipet
632509,ranipet
632506,ranipet
632507,ranipet
632508,ranipet
632517,ranipet
632512,ranipet
632513,ranipet
631006,ranipet
631005,ranipet
632318,ranipet
632521,ranipet
604407,ranipet
761201,ranipet
632505,ranipet
631101,ranipet
632510,ranipet
632503,ranipet
632404,ranipet
632405,ranipet
632518,ranipet
632511,ranipet
631001,ranipet
632403,ranipet
632520,ranipet
632504,ranipet
530002,ranipet
631152,ranipet
632401,ranipet
632515,ranipet
632406,ranipet
632516,ranipet
583201,ranipet
803107,roha
829121,roha
370030,roha
483440,roha
442302,roha
244221,roha
244231,roha
244235,roha
244241,roha
244501,roha
244401,roha
244102,roha
244255,roha
722133,roha
562112,roha
244251,roha
846010,roha
852161,roha
176093,roha
126112,roha
488448,roha
152122,roha
327602,roha
306421,roha
244236,roha
402116,roha
402109,roha
131403,roha
814152,roha
244245,roha
244242,roha
175031,roha
171208,roha
493228,roha
124501,roha
175006,roha
486661,roha
327601,roha
229401,roha
224146,roha
244222,roha
244223,roha
251202,roha
193301,roha
174032,roha
570028,roha
442306,roha
486886,roha
209204,roha
241001,roha
273407,roha
221108,roha
125047,roha
560091,roha
562135,roha
124106,roha
174031,roha
314001,roha
700135,roha
271302,roha
841405,salem
813209,salem
767060,salem
637101,salem
637102,salem
637103,salem
637301,salem
637104,salem
637105,salem
636101,salem
636104,salem
636105,salem
636107,salem
636108,salem
636141,salem
636119,salem
636112,salem
636114,salem
636121,salem
636115,salem
636116,salem
636117,salem
637501,salem
636138,salem
636015,salem
636010,salem
636139,salem
636203,salem
636006,salem
636111,salem
636122,salem
636308,salem
636601,salem
636451,salem
636354,salem
637502,salem
636404,salem
636011,salem
636302,salem
636501,salem
636351,salem
636309,salem
636012,salem
636303,salem
636009,salem
636452,salem
636458,salem
636453,salem
636304,salem
636305,salem
636306,salem
636307,salem
636502,salem
209731,salem
285123,salem
621110,salem
207401,salem
207403,salem
799278,salem
305815,salem
637107,salem
637303,salem
636102,salem
636109,salem
636003,salem
636103,salem
636008,salem
637504,salem
606201,salem
636001,salem
521328,salem
835231,salem
637302,salem
636110,salem
636113,salem
636106,salem
636030,salem
636455,salem
636503,salem
322240,salem
221709,salem
226101,salem
205265,salem
636118,salem
636004,salem
636016,salem
636007,salem
636005,salem
636457,salem
824235,salem
844122,salem
813101,salem
802351,salem
125052,salem
322230,salem
638183,salem
636204,salem
636454,salem
636403,salem
275204,salem
621011,salem
277203,salem
636014,salem
636017,salem
636406,salem
636402,salem
636401,salem
637407,salem
636013,salem
494224,salem
804427,salem
801304,salem
847234,salem
636140,salem
303511,salem
322202,salem
321409,salem
209402,salem
225306,salem
203001,salem
202124,salem
203203,salem
283136,salem
247001,salem
272130,salem
209747,salem
212650,salem
243635,salem
628218,salem
636456,salem
851217,salem
847427,salem
845406,salem
847223,salem
841411,salem
843329,salem
796005,salem
328021,salem
328022,salem
226501,salem
281306,salem
212202,salem
283122,salem
203202,salem
283204,salem
274409,salem
636002,salem
621118,salem
382110,sanand
416401,sangli
416303,sangli
416402,sangli
416403,sangli
416404,sangli
416405,sangli
416407,sangli
416412,sangli
416311,sangli
416419,sangli
416420,sangli
416312,sangli
416413,sangli
416314,sangli
416418,sangli
416415,sangli
415401,sangli
416301,sangli
415301,sangli
415303,sangli
415315,sangli
415305,sangli
415307,sangli
416308,sangli
415405,sangli
416309,sangli
416436,sangli
415309,sangli
416408,sangli
415408,sangli
415311,sangli
415415,sangli
332025,sangli
416409,sangli
415402,sangli
415404,sangli
416307,sangli
415308,sangli
416416,sangli
416410,sangli
416316,sangli
415302,sangli
416304,sangli
416305,sangli
416315,sangli
415304,sangli
416306,sangli
415310,sangli
415407,sangli
415414,sangli
415411,sangli
416317,sangli
416429,sangli
415412,sangli
416417,sangli
416406,sangli
416411,sangli
415306,sangli
415406,sangli
415410,sangli
416437,sangli
415413,sangli
415313,sangli
416414,sangli
415418,sangli
505331,satara
415510,satara
415520,satara
415508,satara
415211,satara
415112,satara
415540,satara
415507,satara
415103,satara
415207,satara
415106,satara
415538,satara
415509,satara
415111,satara
415206,satara
415114,satara
415014,satara
415109,satara
415115,satara
415020,satara
415503,satara
412802,satara
415505,satara
415527,satara
415015,satara
412806,satara
415012,satara
415004,satara
415519,satara
415013,satara
415525,satara
415502,satara
412801,satara
415528,satara
415011,satara
415526,satara
415524,satara
415022,satara
412803,satara
415312,satara
415108,satara
415504,satara
415021,satara
415116,satara
415209,satara
415512,satara
415506,satara
415518,satara
412804,satara
415530,satara
415513,satara
412805,satara
415517,satara
415102,satara
415105,satara
415104,satara
415122,satara
415537,satara
415019,satara
415107,satara
415536,satara
415522,satara
415212,satara
415515,satara
415023,satara
442903,satara
415001,satara
415516,satara
248011,selaqui
577202,shimoga
577201,shimoga
577425,shimoga
445301,shiroli
591302,shiroli
413223,shivane
416713,shivane
416702,shivane
176215,sidhpur
175040,sidhpur
143116,sidhpur
242303,sidhpur
210205,sidhpur
824206,sidhpur
140802,sidhpur
285127,sidhpur
176021,sidhpur
176064,sidhpur
132117,sidhpur
144040,sidhpur
384151,sidhpur
416605,sindhudurg
416608,sindhudurg
416614,sindhudurg
416623,sindhudurg
416632,sindhudurg
416612,sindhudurg
416602,sindhudurg
416604,sindhudurg
416703,sindhudurg
416615,sindhudurg
416630,sindhudurg
416601,sindhudurg
416616,sindhudurg
416610,sindhudurg
416812,sindhudurg
416801,sindhudurg
416813,sindhudurg
416810,sindhudurg
416510,sindhudurg
416511,sindhudurg
416512,sindhudurg
416521,sindhudurg
416531,sindhudurg
416520,sindhudurg
416514,sindhudurg
416519,sindhudurg
416518,sindhudurg
416516,sindhudurg
416513,sindhudurg
416528,sindhudurg
416515,sindhudurg
416549,sindhudurg
416628,sindhudurg
416626,sindhudurg
416603,sindhudurg
416804,sindhudurg
416811,sindhudurg
416534,sindhudurg
416611,sindhudurg
416550,sindhudurg
416525,sindhudurg
416524,sindhudurg
416613,sindhudurg
416803,sindhudurg
416807,sindhudurg
416609,sindhudurg
416805,sindhudurg
416523,sindhudurg
416522,sindhudurg
416529,sindhudurg
416620,sindhudurg
416806,sindhudurg
416606,sindhudurg
416517,sindhudurg
413304,solapur
413101,solapur
413212,solapur
413315,solapur
413309,solapur
413202,solapur
413203,solapur
413208,solapur
413209,solapur
413250,solapur
413107,solapur
413305,solapur
413319,solapur
413301,solapur
413109,solapur
413310,solapur
413252,solapur
413111,solapur
413251,solapur
413112,solapur
413409,solapur
413216,solapur
413214,solapur
413226,solapur
413220,solapur
413406,solapur
413215,solapur
413253,solapur
413219,solapur
413221,solapur
413255,solapur
413227,solapur
413222,solapur
413404,solapur
413248,solapur
413002,solapur
413008,solapur
413412,solapur
413402,solapur
413228,solapur
413218,solapur
413322,solapur
413410,solapur
413003,solapur
413224,solapur
413302,solapur
413206,solapur
413317,solapur
413314,solapur
413306,solapur
413210,solapur
413113,solapur
413006,solapur
413324,solapur
413108,solapur
413308,solapur
413118,solapur
413303,solapur
413004,solapur
413005,solapur
805101,solapur
413217,solapur
413403,solapur
413001,solapur
591313,solapur
626139,solapur
413007,solapur
396510,surat
394140,surat
394305,surat
394310,surat
394163,surat
394335,surat
394180,surat
394240,surat
394340,surat
394250,surat
394330,surat
394350,surat
394246,surat
394248,surat
394620,surat
394355,surat
394185,surat
394550,surat
394530,surat
394517,surat
395005,surat
394520,surat
394125,surat
395004,surat
394112,surat
394421,surat
394410,surat
394130,surat
394210,surat
394445,surat
394430,surat
395013,surat
394405,surat
394440,surat
395012,surat
394325,surat
395001,surat
394518,surat
394230,surat
395002,surat
335804,surat
394150,surat
394352,surat
394320,surat
394170,surat
395009,surat
395007,surat
395010,surat
314037,surat
335503,surat
262906,surat
395017,surat
394510,surat
394270,surat
395006,surat
395015,surat
395003,surat
394235,surat
394107,surat
394651,surat
394155,surat
335805,surat
394345,surat
394601,surat
394245,surat
395011,surat
394105,surat
301022,surat
394326,surat
394516,surat
395023,surat
394221,surat
395008,surat
575014,surat
225304,surat
394317,surat
413623,surat
143605,surat
303504,surat
331023,surat
394327,surat
394190,surat
394515,surat
394101,surat
363745,surendranagar
363410,surendranagar
363115,surendranagar
363310,surendranagar
363040,surendranagar
363423,surendranagar
363775,surendranagar
363421,surendranagar
363510,surendranagar
363765,surendranagar
363320,surendranagar
363435,surendranagar
363430,surendranagar
363427,surendranagar
363530,surendranagar
363030,surendranagar
363110,surendranagar
517583,surendranagar
363750,surendranagar
363760,surendranagar
363020,surendranagar
363001,surendranagar
363755,surendranagar
363780,surendranagar
743347,surendranagar
402104,talegaon
402111,talegaon
413519,talegaon
445002,talegaon
421401,talegaon
445202,talegaon
508256,thane
533216,thane
517642,thane
176316,thane
416705,thane
421603,thane
421402,thane
421602,thane
421605,thane
421505,thane
421103,thane
421302,thane
421101,thane
401101,thane
401106,thane
221207,thane
626607,thane
400614,thane
400706,thane
400705,thane
400703,thane
421506,thane
421002,thane
421301,thane
421306,thane
421005,thane
400608,thane
400615,thane
400603,thane
400607,thane
400708,thane
421403,thane
400612,thane
421311,thane
441208,thane
425412,thane
630602,thane
400701,thane
400709,thane
421501,thane
421502,thane
400610,thane
400601,thane
401107,thane
172030,thane
421204,thane
421102,thane
442203,thane
481222,thane
224118,thane
400710,thane
421004,thane
421202,thane
400605,thane
400609,thane
481331,thane
402106,thane
402125,thane
400602,thane
421305,thane
400604,thane
563135,thane
627351,thane
136118,thane
400606,thane
572227,tumkur
562163,tumkur
585355,tumkur
585202,tumkur
176314,udaipur
471405,udaipur
471606,udaipur
313011,udaipur
313706,udaipur
313603,udaipur
313804,udaipur
313205,udaipur
313026,udaipur
313905,udaipur
313201,udaipur
313803,udaipur
307025,udaipur
313703,udaipur
313203,udaipur
313708,udaipur
313906,udaipur
313204,udaipur
313801,udaipur
313701,udaipur
313802,udaipur
313027,udaipur
313206,udaipur
313902,udaipur
313704,udaipur
313805,udaipur
313903,udaipur
313003,udaipur
313001,udaipur
313322,udaipur
313601,udaipur
313901,udaipur
271207,udaipur
464770,udaipur
497117,udaipur
313024,udaipur
700049,udaipur
491885,udaipur
313202,udaipur
313904,udaipur
313602,udaipur
313031,udaipur
303509,udaipur
272207,udaipur
221101,udaipur
261001,udaipur
207248,udaipur
313002,udaipur
333307,udaipur
829206,udaipur
822122,udaipur
246722,udaipur
802220,udaipur
134008,udaipur
209214,udaipur
261125,udaipur
284402,udaipur
313004,udaipur
175142,udaipur
313806,udaipur
848210,udaipur
822118,udaipur
822125,udaipur
230125,udaipur
262701,udaipur
723155,udaipur
202142,udaipur
393105,vadodara
392220,vadodara
391105,vadodara
391110,vadodara
391250,vadodara
390019,vadodara
390022,vadodara
390009,vadodara
390012,vadodara
391310,vadodara
391780,vadodara
391740,vadodara
391774,vadodara
391450,vadodara
391220,vadodara
391330,vadodara
391240,vadodara
391440,vadodara
391350,vadodara
391243,vadodara
391445,vadodara
391761,vadodara
391520,vadodara
391530,vadodara
391770,vadodara
391745,vadodara
391775,vadodara
391760,vadodara
390006,vadodara
390001,vadodara
390014,vadodara
390013,vadodara
390011,vadodara
390020,vadodara
390003,vadodara
391340,vadodara
391101,vadodara
390007,vadodara
362275,vadodara
391115,vadodara
391107,vadodara
390010,vadodara
391244,vadodara
391421,vadodara
391430,vadodara
392310,vadodara
390004,vadodara
391320,vadodara
391410,vadodara
391125,vadodara
390018,vadodara
390026,vadodara
391750,vadodara
390016,vadodara
391345,vadodara
390023,vadodara
362255,vadodara
390017,vadodara
390021,vadodara
382355,vadodara
390002,vadodara
390025,vadodara
390024,vadodara
391776,vadodara
396045,valsad
396020,valsad
396105,valsad
396193,valsad
396375,valsad
396030,valsad
396125,valsad
396126,valsad
396067,valsad
396065,valsad
396235,valsad
396145,valsad
396055,valsad
396150,valsad
396385,valsad
396007,valsad
396191,valsad
396035,valsad
396135,valsad
396140,valsad
396170,valsad
396130,valsad
396155,valsad
396195,valsad
396002,valsad
396001,valsad
396165,valsad
396115,valsad
396180,valsad
396171,valsad
396120,valsad
362110,vapi
361335,vasai
505403,vasai
384275,vasai
384565,vasai
383460,vasai
627412,vasai
383450,vasai
384340,vasai
382445,vatva
504272,wada
502331,wada
505525,wada
535527,wada
533288,wada
533342,wada
507302,wada
801302,wada
805132,wada
805102,wada
805103,wada
805104,wada
805106,wada
805141,wada
805107,wada
805108,wada
805109,wada
805122,wada
805111,wada
805121,wada
805123,wada
805124,wada
805112,wada
805126,wada
805127,wada
805129,wada
494001,wada
494553,wada
494450,wada
494449,wada
494441,wada
494556,wada
494552,wada
518002,wada
851201,wada
847201,wada
848114,wada
802154,wada
509209,wada
506103,wada
504304,wada
504204,wada
822114,wada
835234,wada
835210,wada
585402,wada
494442,wada
494115,wada
394670,wada
581316,wada
581339,wada
389115,wada
385320,wada
385210,wada
385330,wada
385520,wada
385545,wada
382150,wada
384415,wada
384266,wada
383350,wada
383422,wada
480771,wada
480884,wada
480886,wada
482051,wada
451556,wada
442702,wada
442905,wada
442919,wada
456222,wada
476339,wada
144603,wada
311804,wada
312615,wada
314801,wada
314402,wada
326512,wada
325009,wada
325216,wada
790102,wada
764047,wada
764044,wada
143601,wada
303325,wada
322214,wada
321610,wada
322025,wada
307028,wada
248005,wada
246745,wada
212218,wada
212507,wada
384530,wada
394710,wada
389152,wada
805114,wada
503187,wada
805125,wada
494336,wada
494662,wada
505503,wada
506381,wada
506102,wada
515425,wada
531032,wada
533295,wada
534218,wada
813105,wada
835102,wada
583137,wada
585413,wada
491995,wada
385515,wada
385555,wada
382220,wada
382170,wada
382042,wada
385340,wada
383430,wada
383251,wada
383345,wada
383210,wada
393115,wada
825312,wada
124109,wada
389170,wada
389250,wada
413514,wada
431509,wada
442202,wada
445203,wada
464774,wada
464671,wada
454331,wada
451224,wada
451770,wada
451111,wada
451666,wada
481226,wada
480661,wada
480996,wada
461223,wada
756045,wada
325004,wada
303326,wada
322201,wada
764045,wada
143113,wada
343040,wada
272161,wada
222136,wada
231225,wada
246728,wada
246746,wada
203391,wada
509205,wada
518155,wada
520003,wada
680623,wada
520001,wada
803213,wada
524222,wada
523114,wada
532462,wada
502256,wada
500075,wada
501503,wada
504309,wada
504346,wada
829202,wada
822133,wada
394690,wada
382225,wada
384120,wada
384240,wada
384245,wada
581329,wada
413530,wada
431521,wada
572116,wada
443202,wada
444202,wada
442710,wada
442502,wada
445324,wada
464672,wada
454001,wada
450881,wada
451449,wada
481662,wada
473551,wada
481668,wada
460110,wada
143506,wada
301027,wada
322211,wada
144001,wada
764052,wada
261135,wada
244712,wada
212401,wada
233223,wada
222161,wada
210501,wada
224182,wada
242301,wada
276203,wada
273412,wada
400031,wada
802162,wada
581306,wada
481556,wada
263128,wada
389230,wada
505302,wada
509334,wada
508355,wada
508113,wada
515812,wada
535557,wada
494334,wada
530051,wada
504201,wada
504273,wada
505401,wada
816117,wada
587202,wada
585328,wada
393025,wada
389360,wada
388270,wada
581356,wada
383310,wada
383205,wada
391168,wada
382430,wada
825302,wada
825103,wada
481224,wada
481445,wada
442402,wada
442908,wada
442904,wada
454010,wada
445205,wada
143202,wada
143105,wada
305404,wada
322219,wada
322023,wada
322026,wada
326022,wada
228161,wada
203201,wada
251309,wada
276301,wada
276304,wada
210120,wada
243503,wada
246732,wada
246747,wada
732216,wada
680582,wada
506002,wada
534240,wada
521224,wada
383462,wada
581187,wada
415617,wada
411079,wada
508117,wada
502290,wada
502321,wada
501501,wada
531219,wada
802208,wada
811317,wada
805131,wada
845414,wada
845419,wada
507208,wada
507168,wada
841412,wada
841417,wada
523367,wada
534199,wada
504311,wada
509135,wada
394680,wada
389210,wada
385410,wada
382265,wada
835216,wada
382308,wada
384220,wada
384272,wada
383434,wada
360510,wada
481102,wada
442604,wada
442709,wada
442918,wada
457336,wada
476355,wada
321608,wada
322252,wada
322701,wada
322034,wada
306103,wada
312601,wada
314406,wada
325205,wada
304001,wada
261121,wada
243601,wada
241403,wada
242042,wada
276141,wada
271825,wada
271830,wada
805110,wada
272152,wada
506369,wada
520011,wada
530048,wada
384135,wada
384265,wada
391120,wada
480990,wada
457885,wada
466118,wada
400037,wada
721136,wada
413509,wagholi
442603,wagholi
402302,wagholi
442301,wagholi
413405,wagholi
508257,wai
503144,wai
803212,wai
843128,wai
788726,wai
174321,wai
394380,wai
493889,wai
176107,wai
415804,wai
795145,wai
485666,wai
442305,wai
312402,wai
799207,wai
799203,wai
799201,wai
799205,wai
345034,wai
322205,wai
322204,wai
322001,wai
322702,wai
322703,wai
322024,wai
322027,wai
229404,wai
222302,wai
263680,wai
744301,wai
229410,wai
221306,wai
244701,wai
210126,wai
212621,wai
212651,wai
209401,wai
284206,wai
232326,wai
231312,wai
415609,wai
799202,wai
793150,wai
172032,wai
177109,wai
303315,wai
303004,wai
322021,wai
322029,wai
322030,wai
276288,wai
228172,wai
503112,wai
845303,wai
782140,wai
786171,wai
802155,wai
802125,wai
509204,wai
835223,wai
585315,wai
496336,wai
192301,wai
829112,wai
822111,wai
174026,wai
795103,wai
795114,wai
795141,wai
444105,wai
485441,wai
144036,wai
322028,wai
322704,wai
333305,wai
322212,wai
249171,wai
272194,wai
243505,wai
273165,wai
210421,wai
210424,wai
736172,wai
224137,wai
224183,wai
224225,wai
263641,wai
284203,wai
212104,wai
221503,wai
211013,wai
400076,wai
175001,wai
503164,wai
848131,wai
782127,wai
503122,wai
504313,wai
825311,wai
491107,wai
125060,wai
444505,wai
486771,wai
457887,wai
477333,wai
481996,wai
471525,wai
151201,wai
321303,wai
321602,wai
322033,wai
331403,wai
228119,wai
228159,wai
246275,wai
284403,wai
230204,wai
232106,wai
203412,wai
203398,wai
210001,wai
210121,wai
209101,wai
209206,wai
245207,wai
226008,wai
274204,wai
271305,wai
243722,wai
795112,wai
800001,wai
304021,wai
844506,wai
804418,wai
811309,wai
782446,wai
782413,wai
788120,wai
504307,wai
504214,wai
173032,wai
132113,wai
815313,wai
829204,wai
472001,wai
472221,wai
799141,wai
792104,wai
147111,wai
344032,wai
209831,wai
209821,wai
209870,wai
245205,wai
226104,wai
226103,wai
227801,wai
202138,wai
284202,wai
285203,wai
241125,wai
241123,wai
271215,wai
273402,wai
209651,wai
212207,wai
488446,wai
301413,wai
222101,wai
208011,wai
502130,wai
802214,wai
785683,wai
854104,wai
843314,wai
175121,wai
493885,wai
193404,wai
829117,wai
822126,wai
431702,wai
795133,wai
474006,wai
486114,wai
464220,wai
332722,wai
314023,wai
209864,wai
246446,wai
281122,wai
221502,wai
221308,wai
223224,wai
276204,wai
713423,wai
283202,wai
210341,wai
210504,wai
209738,wai
224117,wai
